{
    "id"              : "Warfare",
    "version"       :   "0.0.1",
    "name"            : "Warfare Test Case Badge",
    "description"     : "This tests the WeaponFire and MunitionDetonation warfare interactions",
    "graphics"		:	"/some/icon.png",
    "tsRunTimeFolder" : "TS_Warfare-0.0.1/bin",
    "tsLibTimeFolder" : "TS_Warfare-0.0.1/lib",

    "dependency"      : ["HLA-BASE-2016"],
    "requirements"    : [
        {
            "id"            : "TS_0001_Warfare",
            "description"   : "Test WeaponFire and MunitionDetonation interactions",
            "TC"            : "com.qinetiq.msg134.etc.tc_warfare.TC_0001_Warfare"
        }
    ]
}