{
    "id"              : "DeadReckoning",
    "version"       :   "0.0.1",
    "name"            : "Dead Reckoning Test Case Badge",
    "description"     : "This tests the Dead Reckoning algorithms",
    "graphics"		:	"/some/icon.png",
    "tsRunTimeFolder" : "TS_DeadReckoning-0.0.1/bin",
    "tsLibTimeFolder" : "TS_DeadReckoning-0.0.1/lib",

    "dependency"      : ["HLA-BASE-2016"],
    "requirements"    : [
        {
            "id"            : "TS_0001_DeadReckoning",
            "description"   : "Dead Reckoning algorithm tests",
            "TC"            : "com.qinetiq.msg134.etc.tc_deadreckoning.TC_0001_DeadReckoning"
        }
    ]
}